Country_Name,Country_Code,Indicator_Name,Indicator_Code,eleven,twelve,thirteen,fourteen,fifteen,sixteen
Angola,AGO,"School enrollment, tertiary, male (% gross)",SE.TER.ENRR.MA,10.18087959,,11.02797985,,10.38683987,
Angola,AGO,"School enrollment, tertiary, female (% gross)",SE.TER.ENRR.FE,3.770200014,,8.836170197,,8.240799904,
Angola,AGO,"School enrollment, tertiary (% gross)",SE.TER.ENRR,6.946090221,,9.923569679,,9.308019638,
Angola,AGO,"School enrollment, secondary, male (% gross)",SE.SEC.ENRR.MA,35.08129883,,,,,
Angola,AGO,"School enrollment, secondary, female (% gross)",SE.SEC.ENRR.FE,22.74143982,,,,,
Angola,AGO,"School enrollment, secondary (% gross)",SE.SEC.ENRR,28.89871979,,,,,
Angola,AGO,"School enrollment, primary, male (% gross)",SE.PRM.ENRR.MA,156.8961334,,,,,
Angola,AGO,"School enrollment, primary, female (% gross)",SE.PRM.ENRR.FE,100.3863525,,,,,
Angola,AGO,"School enrollment, primary (% gross)",SE.PRM.ENRR,128.7041473,,,,,
Burundi,BDI,"School enrollment, tertiary, male (% gross)",SE.TER.ENRR.MA,4.219240189,5.099289894,6.28071022,7.680290222,,
Burundi,BDI,"School enrollment, tertiary, female (% gross)",SE.TER.ENRR.FE,1.830090046,2.33446002,2.652309895,2.407860041,,
Burundi,BDI,"School enrollment, tertiary (% gross)",SE.TER.ENRR,2.981899977,3.669130087,4.408170223,4.966060162,,
Burundi,BDI,"School enrollment, secondary, male (% gross)",SE.SEC.ENRR.MA,30.02853012,32.26361084,36.25780106,41.06225967,44.49734116,
Burundi,BDI,"School enrollment, secondary, female (% gross)",SE.SEC.ENRR.FE,21.20647049,23.71059036,28.44791985,34.82329941,40.52444077,
Burundi,BDI,"School enrollment, secondary (% gross)",SE.SEC.ENRR,25.51767921,27.89779091,32.27848816,37.88898087,42.48006821,
Burundi,BDI,"School enrollment, primary, male (% gross)",SE.PRM.ENRR.MA,136.3128967,133.8253479,130.633728,126.8340683,123.0597916,
Burundi,BDI,"School enrollment, primary, female (% gross)",SE.PRM.ENRR.FE,133.9507904,132.7954407,130.2879028,128.4258881,124.49543,
Burundi,BDI,"School enrollment, primary (% gross)",SE.PRM.ENRR,135.1190491,133.3052826,130.4593048,127.6357727,123.7817917,
Benin,BEN,"School enrollment, tertiary, male (% gross)",SE.TER.ENRR.MA,19.48069,20.02745056,22.37001991,,,
Benin,BEN,"School enrollment, tertiary, female (% gross)",SE.TER.ENRR.FE,5.252600193,6.825190067,8.373959541,,,
Benin,BEN,"School enrollment, tertiary (% gross)",SE.TER.ENRR,12.36511993,13.42121983,15.36277962,,,
Benin,BEN,"School enrollment, secondary, male (% gross)",SE.SEC.ENRR.MA,59.23633957,,65.36625671,64.81314087,66.73605347,
Benin,BEN,"School enrollment, secondary, female (% gross)",SE.SEC.ENRR.FE,36.12411118,,42.92699814,43.85776138,46.81417847,
Benin,BEN,"School enrollment, secondary (% gross)",SE.SEC.ENRR,47.68149948,,54.16606903,54.36360168,56.81195831,
Benin,BEN,"School enrollment, primary, male (% gross)",SE.PRM.ENRR.MA,126.0861588,129.5284271,130.5342255,131.1039276,134.1987152,
Benin,BEN,"School enrollment, primary, female (% gross)",SE.PRM.ENRR.FE,111.0449982,115.9195633,118.0655136,119.9226074,123.6706009,
Benin,BEN,"School enrollment, primary (% gross)",SE.PRM.ENRR,118.6075211,122.7695313,124.347908,125.561203,128.9833527,
Burkina Faso,BFA,"School enrollment, tertiary, male (% gross)",SE.TER.ENRR.MA,5.518459797,6.069880009,6.37293005,,,7.321529865
Burkina Faso,BFA,"School enrollment, tertiary, female (% gross)",SE.TER.ENRR.FE,2.738739967,3.007159948,3.136739969,,,3.750449896
Burkina Faso,BFA,"School enrollment, tertiary (% gross)",SE.TER.ENRR,4.146450043,4.558279991,4.775909901,,,5.562180042
Burkina Faso,BFA,"School enrollment, secondary, male (% gross)",SE.SEC.ENRR.MA,26.72390938,28.58592987,30.6857605,32.37174988,35.06069183,
Burkina Faso,BFA,"School enrollment, secondary, female (% gross)",SE.SEC.ENRR.FE,20.86515045,23.20274925,25.9647007,28.22839928,32.22486115,
Burkina Faso,BFA,"School enrollment, secondary (% gross)",SE.SEC.ENRR,23.84520912,25.94083977,28.36573029,30.33526993,33.66666031,
Burkina Faso,BFA,"School enrollment, primary, male (% gross)",SE.PRM.ENRR.MA,84.61244202,86.34951782,87.20018768,88.65016937,89.8742981,
Burkina Faso,BFA,"School enrollment, primary, female (% gross)",SE.PRM.ENRR.FE,77.85775757,80.94487762,83.27792358,85.09131622,86.07502747,
Burkina Faso,BFA,"School enrollment, primary (% gross)",SE.PRM.ENRR,81.28205109,83.68218994,85.26255798,86.89006805,87.99263,
Botswana,BWA,"School enrollment, tertiary, male (% gross)",SE.TER.ENRR.MA,,,,22.27499008,23.26140022,19.24706078
Botswana,BWA,"School enrollment, tertiary, female (% gross)",SE.TER.ENRR.FE,,,,27.83021927,31.85392952,27.67219925
Botswana,BWA,"School enrollment, tertiary (% gross)",SE.TER.ENRR,17.13014984,21.11516953,,25.03587914,27.53108978,23.4330101
Botswana,BWA,"School enrollment, secondary, male (% gross)",SE.SEC.ENRR.MA,,,,,,
Botswana,BWA,"School enrollment, secondary, female (% gross)",SE.SEC.ENRR.FE,,,,,,
Botswana,BWA,"School enrollment, secondary (% gross)",SE.SEC.ENRR,,,,,,
Botswana,BWA,"School enrollment, primary, male (% gross)",SE.PRM.ENRR.MA,,109.2962723,110.1409607,109.4278564,,
Botswana,BWA,"School enrollment, primary, female (% gross)",SE.PRM.ENRR.FE,,106.8130188,106.9758224,105.8012085,,
Botswana,BWA,"School enrollment, primary (% gross)",SE.PRM.ENRR,,108.0655823,108.5723877,107.6304932,,
Central African Republic,CAF,"School enrollment, tertiary, male (% gross)",SE.TER.ENRR.MA,,4.101689816,,,,
Central African Republic,CAF,"School enrollment, tertiary, female (% gross)",SE.TER.ENRR.FE,,1.476160049,,,,
Central African Republic,CAF,"School enrollment, tertiary (% gross)",SE.TER.ENRR,2.986819983,2.774159908,,,,
Central African Republic,CAF,"School enrollment, secondary, male (% gross)",SE.SEC.ENRR.MA,22.94832039,23.03746033,,,,
Central African Republic,CAF,"School enrollment, secondary, female (% gross)",SE.SEC.ENRR.FE,12.62905025,11.81210041,,,,
Central African Republic,CAF,"School enrollment, secondary (% gross)",SE.SEC.ENRR,17.74710083,17.3780098,,,,
Central African Republic,CAF,"School enrollment, primary, male (% gross)",SE.PRM.ENRR.MA,107.4246216,107.3192673,,,,
Central African Republic,CAF,"School enrollment, primary, female (% gross)",SE.PRM.ENRR.FE,77.93979645,79.77346802,,,,
Central African Republic,CAF,"School enrollment, primary (% gross)",SE.PRM.ENRR,92.5838089,93.45572662,,,,
Cote d'Ivoire,CIV,"School enrollment, tertiary, male (% gross)",SE.TER.ENRR.MA,4.28757,,10.59442997,10.92873001,10.99790955,
Cote d'Ivoire,CIV,"School enrollment, tertiary, female (% gross)",SE.TER.ENRR.FE,2.901089907,,6.608359814,6.392859936,7.279839993,
Cote d'Ivoire,CIV,"School enrollment, tertiary (% gross)",SE.TER.ENRR,3.599329948,,8.617699623,8.680210114,9.155269623,
Cote d'Ivoire,CIV,"School enrollment, secondary, male (% gross)",SE.SEC.ENRR.MA,,,,46.97079086,51.00123978,
Cote d'Ivoire,CIV,"School enrollment, secondary, female (% gross)",SE.SEC.ENRR.FE,,,,33.1843605,36.61985016,
Cote d'Ivoire,CIV,"School enrollment, secondary (% gross)",SE.SEC.ENRR,,,,40.13216019,43.86772919,
Cote d'Ivoire,CIV,"School enrollment, primary, male (% gross)",SE.PRM.ENRR.MA,88.7056427,91.81639862,92.70596313,95.5528717,99.19434357,
Cote d'Ivoire,CIV,"School enrollment, primary, female (% gross)",SE.PRM.ENRR.FE,74.33470154,78.09545135,80.31188965,83.58779144,88.00727081,
Cote d'Ivoire,CIV,"School enrollment, primary (% gross)",SE.PRM.ENRR,81.5593338,84.99391174,86.54437256,89.60569,93.63452148,
Cameroon,CMR,"School enrollment, tertiary, male (% gross)",SE.TER.ENRR.MA,13.74526024,14.56268024,16.9672699,17.98059082,19.70121002,
Cameroon,CMR,"School enrollment, tertiary, female (% gross)",SE.TER.ENRR.FE,10.09681034,11.25590038,13.13704967,14.01858997,15.23954964,
Cameroon,CMR,"School enrollment, tertiary (% gross)",SE.TER.ENRR,11.92603016,12.91421032,15.05823994,16.00612068,17.47789955,
Cameroon,CMR,"School enrollment, secondary, male (% gross)",SE.SEC.ENRR.MA,51.20145035,54.36893845,56.35020065,60.9487381,62.5688591,
Cameroon,CMR,"School enrollment, secondary, female (% gross)",SE.SEC.ENRR.FE,43.28277969,46.52013016,48.20708084,51.86019897,53.53448868,
Cameroon,CMR,"School enrollment, secondary (% gross)",SE.SEC.ENRR,47.2656517,50.46743011,52.30213165,56.43072891,58.07812881,
Cameroon,CMR,"School enrollment, primary, male (% gross)",SE.PRM.ENRR.MA,113.2695694,118.0961227,,120.1291885,123.4781189,
Cameroon,CMR,"School enrollment, primary, female (% gross)",SE.PRM.ENRR.FE,98.44361877,103.4290085,,106.8850327,110.7082138,
Cameroon,CMR,"School enrollment, primary (% gross)",SE.PRM.ENRR,105.9060211,110.8113098,,113.5502396,117.1338577,
"Congo, Dem. Rep.",COD,"School enrollment, tertiary, male (% gross)",SE.TER.ENRR.MA,10.78964043,10.19981956,9.116459846,,,
"Congo, Dem. Rep.",COD,"School enrollment, tertiary, female (% gross)",SE.TER.ENRR.FE,4.822949886,5.632009983,4.150770187,,,
"Congo, Dem. Rep.",COD,"School enrollment, tertiary (% gross)",SE.TER.ENRR,7.814499855,7.922460079,6.640759945,,,
"Congo, Dem. Rep.",COD,"School enrollment, secondary, male (% gross)",SE.SEC.ENRR.MA,52.06703186,51.81003952,50.55400848,53.59997177,,
"Congo, Dem. Rep.",COD,"School enrollment, secondary, female (% gross)",SE.SEC.ENRR.FE,30.60119057,30.67498016,31.35936928,33.32912827,,
"Congo, Dem. Rep.",COD,"School enrollment, secondary (% gross)",SE.SEC.ENRR,41.37886047,41.28369904,40.99367142,43.50521088,,
"Congo, Dem. Rep.",COD,"School enrollment, primary, male (% gross)",SE.PRM.ENRR.MA,103.7171478,107.7724609,107.9283371,112.0332108,,
"Congo, Dem. Rep.",COD,"School enrollment, primary, female (% gross)",SE.PRM.ENRR.FE,90.27839661,95.07066345,97.81246948,101.8444824,,
"Congo, Dem. Rep.",COD,"School enrollment, primary (% gross)",SE.PRM.ENRR,97.03485107,101.4593811,102.9025879,106.9730911,,
"Congo, Rep.",COG,"School enrollment, tertiary, male (% gross)",SE.TER.ENRR.MA,11.50498009,12.82205009,11.09965038,,,
"Congo, Rep.",COG,"School enrollment, tertiary, female (% gross)",SE.TER.ENRR.FE,6.716989994,8.046890259,8.332019806,,,
"Congo, Rep.",COG,"School enrollment, tertiary (% gross)",SE.TER.ENRR,9.11577034,10.4394598,9.718799591,,,
"Congo, Rep.",COG,"School enrollment, secondary, male (% gross)",SE.SEC.ENRR.MA,,58.43188095,,,,
"Congo, Rep.",COG,"School enrollment, secondary, female (% gross)",SE.SEC.ENRR.FE,,50.62432861,,,,
"Congo, Rep.",COG,"School enrollment, secondary (% gross)",SE.SEC.ENRR,,54.54338074,,,,
"Congo, Rep.",COG,"School enrollment, primary, male (% gross)",SE.PRM.ENRR.MA,116.6184921,107.0115128,,,,
"Congo, Rep.",COG,"School enrollment, primary, female (% gross)",SE.PRM.ENRR.FE,109.9817734,114.8053131,,,,
"Congo, Rep.",COG,"School enrollment, primary (% gross)",SE.PRM.ENRR,113.3167725,110.8884583,,,,
Comoros,COM,"School enrollment, tertiary, male (% gross)",SE.TER.ENRR.MA,8.840579987,9.212940216,9.290129662,9.8394804,,
Comoros,COM,"School enrollment, tertiary, female (% gross)",SE.TER.ENRR.FE,6.950630188,7.968689919,8.056810379,7.989510059,,
Comoros,COM,"School enrollment, tertiary (% gross)",SE.TER.ENRR,7.909150124,8.599889755,8.682629585,8.928420067,,
Comoros,COM,"School enrollment, secondary, male (% gross)",SE.SEC.ENRR.MA,,,58.2541008,58.38940048,,
Comoros,COM,"School enrollment, secondary, female (% gross)",SE.SEC.ENRR.FE,,,60.44697952,62.3778801,,
Comoros,COM,"School enrollment, secondary (% gross)",SE.SEC.ENRR,,,59.33229065,60.35041046,,
Comoros,COM,"School enrollment, primary, male (% gross)",SE.PRM.ENRR.MA,115.0696182,,108.3419418,106.7561035,,
Comoros,COM,"School enrollment, primary, female (% gross)",SE.PRM.ENRR.FE,97.3562088,,102.0490265,99.45938873,,
Comoros,COM,"School enrollment, primary (% gross)",SE.PRM.ENRR,106.3637238,,105.2490463,103.1701508,,
Cabo Verde,CPV,"School enrollment, tertiary, male (% gross)",SE.TER.ENRR.MA,17.23950958,17.21064949,18.62248993,19.12855911,18.10411072,
Cabo Verde,CPV,"School enrollment, tertiary, female (% gross)",SE.TER.ENRR.FE,22.97274017,23.02581978,25.94562912,26.75196075,25.22936058,
Cabo Verde,CPV,"School enrollment, tertiary (% gross)",SE.TER.ENRR,20.08601952,20.12141037,22.31138039,22.98217964,21.70782089,
Cabo Verde,CPV,"School enrollment, secondary, male (% gross)",SE.SEC.ENRR.MA,82.91921997,84.22046661,87.83702087,86.7670517,87.67362976,
Cabo Verde,CPV,"School enrollment, secondary, female (% gross)",SE.SEC.ENRR.FE,96.09838867,98.76732635,100.7240906,98.50047302,98.25511932,
Cabo Verde,CPV,"School enrollment, secondary (% gross)",SE.SEC.ENRR,89.53450012,91.48712921,94.24517059,92.57946777,92.89842987,
Cabo Verde,CPV,"School enrollment, primary, male (% gross)",SE.PRM.ENRR.MA,115.5711136,116.3956985,117.189827,116.2951431,112.7939987,
Cabo Verde,CPV,"School enrollment, primary, female (% gross)",SE.PRM.ENRR.FE,109.9293137,109.9334793,111.1683121,109.9069672,106.8963165,
Cabo Verde,CPV,"School enrollment, primary (% gross)",SE.PRM.ENRR,112.7966232,113.2207336,114.2315216,113.1533585,109.8879013,
Djibouti,DJI,"School enrollment, tertiary, male (% gross)",SE.TER.ENRR.MA,5.937059879,,,,,
Djibouti,DJI,"School enrollment, tertiary, female (% gross)",SE.TER.ENRR.FE,4.015059948,,,,,
Djibouti,DJI,"School enrollment, tertiary (% gross)",SE.TER.ENRR,4.985060215,,,,,
Djibouti,DJI,"School enrollment, secondary, male (% gross)",SE.SEC.ENRR.MA,43.61048889,48.56087875,50.85041046,51.12591171,52.11309052,52.93642044
Djibouti,DJI,"School enrollment, secondary, female (% gross)",SE.SEC.ENRR.FE,35.02508926,37.43154907,39.12107086,41.45930862,41.89640045,43.48387909
Djibouti,DJI,"School enrollment, secondary (% gross)",SE.SEC.ENRR,39.36888885,43.06343079,45.05786133,46.35290909,47.06901932,48.26956177
Djibouti,DJI,"School enrollment, primary, male (% gross)",SE.PRM.ENRR.MA,68.58058167,71.41983795,71.39443207,72.52848053,70.12330627,68.64189148
Djibouti,DJI,"School enrollment, primary, female (% gross)",SE.PRM.ENRR.FE,62.36317825,64.35588074,63.05521011,63.26298904,62.30435181,60.93722916
Djibouti,DJI,"School enrollment, primary (% gross)",SE.PRM.ENRR,65.51165009,67.93322754,67.2782135,67.95456696,66.26309204,64.83737183
Eritrea,ERI,"School enrollment, tertiary, male (% gross)",SE.TER.ENRR.MA,,,,3.417929888,,
Eritrea,ERI,"School enrollment, tertiary, female (% gross)",SE.TER.ENRR.FE,,,,1.698650002,,
Eritrea,ERI,"School enrollment, tertiary (% gross)",SE.TER.ENRR,,,,2.565380096,,
Eritrea,ERI,"School enrollment, secondary, male (% gross)",SE.SEC.ENRR.MA,39.29764175,40.57273865,39.33665085,38.13628006,32.92556,
Eritrea,ERI,"School enrollment, secondary, female (% gross)",SE.SEC.ENRR.FE,31.24123001,32.40805817,31.57780075,31.25596046,28.08806038,
Eritrea,ERI,"School enrollment, secondary (% gross)",SE.SEC.ENRR,35.3205986,36.54611969,35.51931,34.75437164,30.54986,
Eritrea,ERI,"School enrollment, primary, male (% gross)",SE.PRM.ENRR.MA,55.5242691,57.24734116,56.74224854,55.07584,53.18238068,
Eritrea,ERI,"School enrollment, primary, female (% gross)",SE.PRM.ENRR.FE,46.81874084,48.41107941,59.48567963,47.14608002,45.9369812,
Eritrea,ERI,"School enrollment, primary (% gross)",SE.PRM.ENRR,51.25677109,52.91733932,58.08539963,51.19477081,49.6370697,
Ethiopia,ETH,"School enrollment, tertiary, male (% gross)",SE.TER.ENRR.MA,10.77655983,11.09512043,,10.93976021,,
Ethiopia,ETH,"School enrollment, tertiary, female (% gross)",SE.TER.ENRR.FE,4.710690022,5.158199787,,5.26680994,,
Ethiopia,ETH,"School enrollment, tertiary (% gross)",SE.TER.ENRR,7.757430077,8.144729614,,8.126040459,,
Ethiopia,ETH,"School enrollment, secondary, male (% gross)",SE.SEC.ENRR.MA,38.26892853,39.60277176,,,35.9045105,
Ethiopia,ETH,"School enrollment, secondary, female (% gross)",SE.SEC.ENRR.FE,33.77613831,35.76176834,,,34.42744064,
Ethiopia,ETH,"School enrollment, secondary (% gross)",SE.SEC.ENRR,36.04822922,37.70338821,,,35.17324829,
Ethiopia,ETH,"School enrollment, primary, male (% gross)",SE.PRM.ENRR.MA,98.58231354,98.2791214,,104.3373337,106.9430923,
Ethiopia,ETH,"School enrollment, primary, female (% gross)",SE.PRM.ENRR.FE,90.7461319,91.20703125,,95.8225708,97.20218658,
Ethiopia,ETH,"School enrollment, primary (% gross)",SE.PRM.ENRR,94.70565796,94.77941895,,100.1229095,102.1220627,
Gabon,GAB,"School enrollment, tertiary, male (% gross)",SE.TER.ENRR.MA,,,,,,
Gabon,GAB,"School enrollment, tertiary, female (% gross)",SE.TER.ENRR.FE,,,,,,
Gabon,GAB,"School enrollment, tertiary (% gross)",SE.TER.ENRR,,,,,,
Gabon,GAB,"School enrollment, secondary, male (% gross)",SE.SEC.ENRR.MA,,,,,,
Gabon,GAB,"School enrollment, secondary, female (% gross)",SE.SEC.ENRR.FE,,,,,,
Gabon,GAB,"School enrollment, secondary (% gross)",SE.SEC.ENRR,,,,,,
Gabon,GAB,"School enrollment, primary, male (% gross)",SE.PRM.ENRR.MA,144.0263367,,,,,
Gabon,GAB,"School enrollment, primary, female (% gross)",SE.PRM.ENRR.FE,139.9233856,,,,,
Gabon,GAB,"School enrollment, primary (% gross)",SE.PRM.ENRR,141.9934235,,,,,
Ghana,GHA,"School enrollment, tertiary, male (% gross)",SE.TER.ENRR.MA,15.17667961,15.10476971,17.50573921,19.05426979,19.12450981,
Ghana,GHA,"School enrollment, tertiary, female (% gross)",SE.TER.ENRR.FE,8.980609894,9.231380463,11.04030991,12.64134979,13.23106003,
Ghana,GHA,"School enrollment, tertiary (% gross)",SE.TER.ENRR,12.07820034,12.18241024,14.30498981,15.89387989,16.23051071,
Ghana,GHA,"School enrollment, secondary, male (% gross)",SE.SEC.ENRR.MA,60.05292892,61.41918182,63.89392853,59.74739075,62.99290848,63.09915161
Ghana,GHA,"School enrollment, secondary, female (% gross)",SE.SEC.ENRR.FE,53.98768997,55.16527176,58.15504074,56.05635071,59.76234055,61.06628036
Ghana,GHA,"School enrollment, secondary (% gross)",SE.SEC.ENRR,57.08298874,58.35628891,61.08369827,57.9407692,61.41250992,62.1050415
Ghana,GHA,"School enrollment, primary, male (% gross)",SE.PRM.ENRR.MA,107.1343765,109.87854,108.5866165,106.522583,109.9208679,107.3025894
Ghana,GHA,"School enrollment, primary, female (% gross)",SE.PRM.ENRR.FE,106.1845703,109.5367279,108.3614273,106.4022827,109.9301224,108.7300034
Ghana,GHA,"School enrollment, primary (% gross)",SE.PRM.ENRR,106.6694107,109.7110672,108.4762802,106.4636612,109.9253998,108.0014038
Guinea,GIN,"School enrollment, tertiary, male (% gross)",SE.TER.ENRR.MA,15.30790043,14.38484955,14.37203026,14.93550968,,
Guinea,GIN,"School enrollment, tertiary, female (% gross)",SE.TER.ENRR.FE,5.418700218,5.319069862,6.309500217,6.679959774,,
Guinea,GIN,"School enrollment, tertiary (% gross)",SE.TER.ENRR,10.40344048,9.891860008,10.37887001,10.84932995,,
Guinea,GIN,"School enrollment, secondary, male (% gross)",SE.SEC.ENRR.MA,46.0422287,,,46.79014969,,
Guinea,GIN,"School enrollment, secondary, female (% gross)",SE.SEC.ENRR.FE,29.06992912,,,30.69157028,,
Guinea,GIN,"School enrollment, secondary (% gross)",SE.SEC.ENRR,37.64012909,37.61923981,,38.82326889,,
Guinea,GIN,"School enrollment, primary, male (% gross)",SE.PRM.ENRR.MA,94.14859009,96.0404892,97.48454285,98.58599854,,
Guinea,GIN,"School enrollment, primary, female (% gross)",SE.PRM.ENRR.FE,80.34346008,81.16519928,82.54869843,83.79663849,,
Guinea,GIN,"School enrollment, primary (% gross)",SE.PRM.ENRR,87.30740356,88.670578,90.08528137,91.25817871,,
"Gambia, The",GMB,"School enrollment, tertiary, male (% gross)",SE.TER.ENRR.MA,4.298069954,3.706890106,,,,
"Gambia, The",GMB,"School enrollment, tertiary, female (% gross)",SE.TER.ENRR.FE,2.570319891,2.523819923,,,,
"Gambia, The",GMB,"School enrollment, tertiary (% gross)",SE.TER.ENRR,3.416419983,3.104279995,,,,
"Gambia, The",GMB,"School enrollment, secondary, male (% gross)",SE.SEC.ENRR.MA,,,,,,
"Gambia, The",GMB,"School enrollment, secondary, female (% gross)",SE.SEC.ENRR.FE,,,,,,
"Gambia, The",GMB,"School enrollment, secondary (% gross)",SE.SEC.ENRR,,,,,,
"Gambia, The",GMB,"School enrollment, primary, male (% gross)",SE.PRM.ENRR.MA,79.90210724,82.20304871,83.42420959,86.22583771,88.67082977,90.1269989
"Gambia, The",GMB,"School enrollment, primary, female (% gross)",SE.PRM.ENRR.FE,83.06764221,85.85073853,86.93615723,90.82814789,94.4850235,96.8006897
"Gambia, The",GMB,"School enrollment, primary (% gross)",SE.PRM.ENRR,81.47180176,84.01344299,85.16796875,88.51078796,91.55632019,93.43701935
Guinea-Bissau,GNB,"School enrollment, tertiary, male (% gross)",SE.TER.ENRR.MA,,,,,,
Guinea-Bissau,GNB,"School enrollment, tertiary, female (% gross)",SE.TER.ENRR.FE,,,,,,
Guinea-Bissau,GNB,"School enrollment, tertiary (% gross)",SE.TER.ENRR,,,,,,
Guinea-Bissau,GNB,"School enrollment, secondary, male (% gross)",SE.SEC.ENRR.MA,,,,,,
Guinea-Bissau,GNB,"School enrollment, secondary, female (% gross)",SE.SEC.ENRR.FE,,,,,,
Guinea-Bissau,GNB,"School enrollment, secondary (% gross)",SE.SEC.ENRR,,,,,,
Guinea-Bissau,GNB,"School enrollment, primary, male (% gross)",SE.PRM.ENRR.MA,,,,,,
Guinea-Bissau,GNB,"School enrollment, primary, female (% gross)",SE.PRM.ENRR.FE,,,,,,
Guinea-Bissau,GNB,"School enrollment, primary (% gross)",SE.PRM.ENRR,,,,,,
Equatorial Guinea,GNQ,"School enrollment, tertiary, male (% gross)",SE.TER.ENRR.MA,,,,,,
Equatorial Guinea,GNQ,"School enrollment, tertiary, female (% gross)",SE.TER.ENRR.FE,,,,,,
Equatorial Guinea,GNQ,"School enrollment, tertiary (% gross)",SE.TER.ENRR,,,,,,
Equatorial Guinea,GNQ,"School enrollment, secondary, male (% gross)",SE.SEC.ENRR.MA,,,,,,
Equatorial Guinea,GNQ,"School enrollment, secondary, female (% gross)",SE.SEC.ENRR.FE,,,,,,
Equatorial Guinea,GNQ,"School enrollment, secondary (% gross)",SE.SEC.ENRR,,,,,,
Equatorial Guinea,GNQ,"School enrollment, primary, male (% gross)",SE.PRM.ENRR.MA,82.20968628,85.22261047,,,79.99360657,
Equatorial Guinea,GNQ,"School enrollment, primary, female (% gross)",SE.PRM.ENRR.FE,80.87409973,83.68244171,,,78.23483276,
Equatorial Guinea,GNQ,"School enrollment, primary (% gross)",SE.PRM.ENRR,81.54579926,84.45738983,,,79.12032318,
Kenya,KEN,"School enrollment, tertiary, male (% gross)",SE.TER.ENRR.MA,,,,,,
Kenya,KEN,"School enrollment, tertiary, female (% gross)",SE.TER.ENRR.FE,,,,,,
Kenya,KEN,"School enrollment, tertiary (% gross)",SE.TER.ENRR,,,,,,
Kenya,KEN,"School enrollment, secondary, male (% gross)",SE.SEC.ENRR.MA,,,,,,
Kenya,KEN,"School enrollment, secondary, female (% gross)",SE.SEC.ENRR.FE,,,,,,
Kenya,KEN,"School enrollment, secondary (% gross)",SE.SEC.ENRR,,,,,,
Kenya,KEN,"School enrollment, primary, male (% gross)",SE.PRM.ENRR.MA,116.2219391,115.7939377,,111.2170563,109.2601776,
Kenya,KEN,"School enrollment, primary, female (% gross)",SE.PRM.ENRR.FE,116.8867188,116.4725876,,111.5767975,108.6843414,
Kenya,KEN,"School enrollment, primary (% gross)",SE.PRM.ENRR,116.5523834,116.1312485,,111.3958588,108.9739304,
Liberia,LBR,"School enrollment, tertiary, male (% gross)",SE.TER.ENRR.MA,,14.2266798,,,,
Liberia,LBR,"School enrollment, tertiary, female (% gross)",SE.TER.ENRR.FE,,8.983149529,,,,
Liberia,LBR,"School enrollment, tertiary (% gross)",SE.TER.ENRR,,11.63856983,,,,
Liberia,LBR,"School enrollment, secondary, male (% gross)",SE.SEC.ENRR.MA,49.53818893,,,42.47663879,41.90906906,
Liberia,LBR,"School enrollment, secondary, female (% gross)",SE.SEC.ENRR.FE,40.64488983,,,33.1166687,32.52896881,
Liberia,LBR,"School enrollment, secondary (% gross)",SE.SEC.ENRR,45.15679169,,,37.87348175,37.29980087,
Liberia,LBR,"School enrollment, primary, male (% gross)",SE.PRM.ENRR.MA,106.8080673,,,99.54669952,98.54595184,
Liberia,LBR,"School enrollment, primary, female (% gross)",SE.PRM.ENRR.FE,97.80133057,,,91.59002686,89.0942688,
Liberia,LBR,"School enrollment, primary (% gross)",SE.PRM.ENRR,102.3847122,,,95.64746857,93.91632843,
Lesotho,LSO,"School enrollment, tertiary, male (% gross)",SE.TER.ENRR.MA,,8.649279594,8.270700455,8.044739723,,
Lesotho,LSO,"School enrollment, tertiary, female (% gross)",SE.TER.ENRR.FE,,13.06735992,12.08401012,11.69215965,,
Lesotho,LSO,"School enrollment, tertiary (% gross)",SE.TER.ENRR,,10.82299995,10.14830971,9.842200279,,
Lesotho,LSO,"School enrollment, secondary, male (% gross)",SE.SEC.ENRR.MA,43.2224617,44.50059891,43.87002945,44.08929062,45.66707993,
Lesotho,LSO,"School enrollment, secondary, female (% gross)",SE.SEC.ENRR.FE,61.01710129,62.24802017,59.74972153,60.41614914,62.03707886,
Lesotho,LSO,"School enrollment, secondary (% gross)",SE.SEC.ENRR,52.01945114,53.27928925,51.72816086,52.17121124,53.77215958,
Lesotho,LSO,"School enrollment, primary, male (% gross)",SE.PRM.ENRR.MA,112.5536728,112.3515167,109.0176468,108.323082,106.9800034,
Lesotho,LSO,"School enrollment, primary, female (% gross)",SE.PRM.ENRR.FE,109.361969,109.5513992,106.9145432,105.8454971,104.0379028,
Lesotho,LSO,"School enrollment, primary (% gross)",SE.PRM.ENRR,110.9714127,110.9631729,107.9747314,107.0942078,105.5202789,
Madagascar,MDG,"School enrollment, tertiary, male (% gross)",SE.TER.ENRR.MA,4.157239914,4.26281023,4.383619785,4.98071003,,
Madagascar,MDG,"School enrollment, tertiary, female (% gross)",SE.TER.ENRR.FE,3.854739904,3.909369946,4.108679771,4.571529865,,
Madagascar,MDG,"School enrollment, tertiary (% gross)",SE.TER.ENRR,4.005690098,4.085680008,4.245790005,4.775559902,,
Madagascar,MDG,"School enrollment, secondary, male (% gross)",SE.SEC.ENRR.MA,37.54027939,38.9285202,,38.80921173,,
Madagascar,MDG,"School enrollment, secondary, female (% gross)",SE.SEC.ENRR.FE,35.65288162,37.12865829,,38.06079865,,
Madagascar,MDG,"School enrollment, secondary (% gross)",SE.SEC.ENRR,36.59524155,38.02759171,,38.43492889,,
Madagascar,MDG,"School enrollment, primary, male (% gross)",SE.PRM.ENRR.MA,145.8391876,146.117691,145.7884369,146.9455261,148.9155884,
Madagascar,MDG,"School enrollment, primary, female (% gross)",SE.PRM.ENRR.FE,143.1074524,144.2468414,144.70047,146.5419769,148.8730774,
Madagascar,MDG,"School enrollment, primary (% gross)",SE.PRM.ENRR,144.4774628,145.1858673,145.2469635,146.744812,148.894455,
Mali,MLI,"School enrollment, tertiary, male (% gross)",SE.TER.ENRR.MA,8.547369957,9.551819801,,,,
Mali,MLI,"School enrollment, tertiary, female (% gross)",SE.TER.ENRR.FE,4.025899887,4.066239834,,,,
Mali,MLI,"School enrollment, tertiary (% gross)",SE.TER.ENRR,6.342350006,6.874780178,,,,
Mali,MLI,"School enrollment, secondary, male (% gross)",SE.SEC.ENRR.MA,47.27925873,,45.78057098,49.39196014,45.57532883,
Mali,MLI,"School enrollment, secondary, female (% gross)",SE.SEC.ENRR.FE,33.78142929,,36.59521866,37.36518097,36.84664154,
Mali,MLI,"School enrollment, secondary (% gross)",SE.SEC.ENRR,40.6842308,,41.28958893,43.51115036,41.30747986,
Mali,MLI,"School enrollment, primary, male (% gross)",SE.PRM.ENRR.MA,89.15264893,85.66398621,,81.23410797,79.31520844,
Mali,MLI,"School enrollment, primary, female (% gross)",SE.PRM.ENRR.FE,78.55345917,75.84452057,,72.9769516,72.10897064,
Mali,MLI,"School enrollment, primary (% gross)",SE.PRM.ENRR,83.95950317,80.85401154,76.12657928,77.19281006,75.79035187,
Mozambique,MOZ,"School enrollment, tertiary, male (% gross)",SE.TER.ENRR.MA,5.914239883,6.143650055,6.479990005,6.986320019,7.393799782,
Mozambique,MOZ,"School enrollment, tertiary, female (% gross)",SE.TER.ENRR.FE,3.690690041,3.973680019,4.316140175,4.973629951,5.396719933,
Mozambique,MOZ,"School enrollment, tertiary (% gross)",SE.TER.ENRR,4.797160149,5.053110123,5.392320156,5.974720001,6.390520096,
Mozambique,MOZ,"School enrollment, secondary, male (% gross)",SE.SEC.ENRR.MA,26.70402908,25.84176064,34.36577988,33.64710999,33.78702164,
Mozambique,MOZ,"School enrollment, secondary, female (% gross)",SE.SEC.ENRR.FE,23.06488037,22.98504066,30.98291969,30.53087997,31.07752991,
Mozambique,MOZ,"School enrollment, secondary (% gross)",SE.SEC.ENRR,24.8808403,24.41093063,32.67205811,32.08763123,32.43180847,
Mozambique,MOZ,"School enrollment, primary, male (% gross)",SE.PRM.ENRR.MA,110.3086319,109.014801,109.8321915,109.2567368,110.3999863,
Mozambique,MOZ,"School enrollment, primary, female (% gross)",SE.PRM.ENRR.FE,99.81253815,98.97088623,100.165451,100.2787399,101.177742,
Mozambique,MOZ,"School enrollment, primary (% gross)",SE.PRM.ENRR,105.0680389,104.0015869,105.0090408,104.7789383,105.8019409,
Mauritania,MRT,"School enrollment, tertiary, male (% gross)",SE.TER.ENRR.MA,6.748690128,7.2322402,7.520679951,,7.438300133,7.051579952
Mauritania,MRT,"School enrollment, tertiary, female (% gross)",SE.TER.ENRR.FE,2.807250023,3.10194993,3.339299917,,3.742739916,3.578010082
Mauritania,MRT,"School enrollment, tertiary (% gross)",SE.TER.ENRR,4.809549809,5.200950146,5.465159893,,5.621729851,5.343410015
Mauritania,MRT,"School enrollment, secondary, male (% gross)",SE.SEC.ENRR.MA,24.20092964,28.79165077,30.30121994,31.24729919,31.7005806,
Mauritania,MRT,"School enrollment, secondary, female (% gross)",SE.SEC.ENRR.FE,20.50560951,24.38731956,28.40501976,28.58490944,29.46385002,
Mauritania,MRT,"School enrollment, secondary (% gross)",SE.SEC.ENRR,22.38331032,26.62367058,29.36722946,29.9353199,30.5981102,
Mauritania,MRT,"School enrollment, primary, male (% gross)",SE.PRM.ENRR.MA,92.58125305,93.52285767,94.03324127,95.34767914,99.98468018,
Mauritania,MRT,"School enrollment, primary, female (% gross)",SE.PRM.ENRR.FE,97.50195313,98.28411102,98.57169342,100.6721497,104.9935379,
Mauritania,MRT,"School enrollment, primary (% gross)",SE.PRM.ENRR,95.0072937,95.86981964,96.26986694,97.97109985,102.4521713,
Mauritius,MUS,"School enrollment, tertiary, male (% gross)",SE.TER.ENRR.MA,30.6146698,33.2518692,35.75188828,34.71960831,31.72702026,
Mauritius,MUS,"School enrollment, tertiary, female (% gross)",SE.TER.ENRR.FE,39.93861008,44.15761185,43.76287079,42.69358063,41.6980896,
Mauritius,MUS,"School enrollment, tertiary (% gross)",SE.TER.ENRR,35.23477936,38.65996933,39.72568893,38.67412186,36.66756821,
Mauritius,MUS,"School enrollment, secondary, male (% gross)",SE.SEC.ENRR.MA,88.32907104,89.62407684,92.91754913,96.92430115,93.55690002,
Mauritius,MUS,"School enrollment, secondary, female (% gross)",SE.SEC.ENRR.FE,92.54820251,94.12436676,95.81169891,98.98616028,97.91165924,
Mauritius,MUS,"School enrollment, secondary (% gross)",SE.SEC.ENRR,90.41113281,91.84191895,94.34220123,97.93816376,95.69615936,
Mauritius,MUS,"School enrollment, primary, male (% gross)",SE.PRM.ENRR.MA,102.6205826,102.8075027,101.4036865,101.7059174,102.162323,
Mauritius,MUS,"School enrollment, primary, female (% gross)",SE.PRM.ENRR.FE,103.4774399,103.5597076,103.0727768,103.729393,103.9447632,
Mauritius,MUS,"School enrollment, primary (% gross)",SE.PRM.ENRR,103.0405807,103.1760712,102.2215805,102.6977768,103.0363617,
Malawi,MWI,"School enrollment, tertiary, male (% gross)",SE.TER.ENRR.MA,0.976310015,,,,,
Malawi,MWI,"School enrollment, tertiary, female (% gross)",SE.TER.ENRR.FE,0.621209979,,,,,
Malawi,MWI,"School enrollment, tertiary (% gross)",SE.TER.ENRR,0.797730029,,,,,
Malawi,MWI,"School enrollment, secondary, male (% gross)",SE.SEC.ENRR.MA,35.96382141,36.52088928,39.6403389,41.43790817,45.76490021,
Malawi,MWI,"School enrollment, secondary, female (% gross)",SE.SEC.ENRR.FE,32.41259003,32.37580109,35.55683136,37.54069901,41.01673889,
Malawi,MWI,"School enrollment, secondary (% gross)",SE.SEC.ENRR,34.18793106,34.44937897,37.60062027,39.49206924,43.39519119,
Malawi,MWI,"School enrollment, primary, male (% gross)",SE.PRM.ENRR.MA,137.1178131,138.4738159,144.4194641,145.0593414,143.9720001,
Malawi,MWI,"School enrollment, primary, female (% gross)",SE.PRM.ENRR.FE,140.8605347,141.8607483,147.3538666,147.9642029,146.970932,
Malawi,MWI,"School enrollment, primary (% gross)",SE.PRM.ENRR,138.9832458,140.1616516,145.8815765,146.5065308,145.4657745,
Namibia,NAM,"School enrollment, tertiary, male (% gross)",SE.TER.ENRR.MA,,,,,,
Namibia,NAM,"School enrollment, tertiary, female (% gross)",SE.TER.ENRR.FE,,,,,,
Namibia,NAM,"School enrollment, tertiary (% gross)",SE.TER.ENRR,,,,,,
Namibia,NAM,"School enrollment, secondary, male (% gross)",SE.SEC.ENRR.MA,,,,,,
Namibia,NAM,"School enrollment, secondary, female (% gross)",SE.SEC.ENRR.FE,,,,,,
Namibia,NAM,"School enrollment, secondary (% gross)",SE.SEC.ENRR,,,,,,
Namibia,NAM,"School enrollment, primary, male (% gross)",SE.PRM.ENRR.MA,,111.2518616,113.3113022,,,
Namibia,NAM,"School enrollment, primary, female (% gross)",SE.PRM.ENRR.FE,,107.7680664,109.5371933,,,
Namibia,NAM,"School enrollment, primary (% gross)",SE.PRM.ENRR,,109.5130005,111.4281082,,,
Niger,NER,"School enrollment, tertiary, male (% gross)",SE.TER.ENRR.MA,2.273649931,2.623889923,,,,
Niger,NER,"School enrollment, tertiary, female (% gross)",SE.TER.ENRR.FE,0.861940026,0.903150022,,,,
Niger,NER,"School enrollment, tertiary (% gross)",SE.TER.ENRR,1.518319964,1.714589953,,,,
Niger,NER,"School enrollment, secondary, male (% gross)",SE.SEC.ENRR.MA,17.46203995,18.65770912,20.01774025,22.0778904,24.24341011,
Niger,NER,"School enrollment, secondary, female (% gross)",SE.SEC.ENRR.FE,11.23779964,12.47694969,13.59624958,15.55871964,17.24406052,
Niger,NER,"School enrollment, secondary (% gross)",SE.SEC.ENRR,14.35081005,15.56877995,16.80738068,18.81945992,20.74982071,
Niger,NER,"School enrollment, primary, male (% gross)",SE.PRM.ENRR.MA,73.38321686,75.25663757,76.02822113,75.93636322,77.9228363,
Niger,NER,"School enrollment, primary, female (% gross)",SE.PRM.ENRR.FE,60.86433029,63.25049973,64.17070007,65.02478027,66.82015991,
Niger,NER,"School enrollment, primary (% gross)",SE.PRM.ENRR,67.27239227,69.3842392,70.22579956,70.60041809,72.4993515,
Nigeria,NGA,"School enrollment, tertiary, male (% gross)",SE.TER.ENRR.MA,11.76362038,,,,,
Nigeria,NGA,"School enrollment, tertiary, female (% gross)",SE.TER.ENRR.FE,8.295940399,,,,,
Nigeria,NGA,"School enrollment, tertiary (% gross)",SE.TER.ENRR,10.07094955,,,,,
Nigeria,NGA,"School enrollment, secondary, male (% gross)",SE.SEC.ENRR.MA,48.27455902,48.50357819,57.81819916,,,
Nigeria,NGA,"School enrollment, secondary, female (% gross)",SE.SEC.ENRR.FE,41.87131882,44.93011093,53.48257065,,,
Nigeria,NGA,"School enrollment, secondary (% gross)",SE.SEC.ENRR,45.15108871,46.76082993,55.70421982,,,
Nigeria,NGA,"School enrollment, primary, male (% gross)",SE.PRM.ENRR.MA,92.96784973,92.48345184,94.48454285,,,
Nigeria,NGA,"School enrollment, primary, female (% gross)",SE.PRM.ENRR.FE,87.40062714,90.79402924,92.82584381,,,
Nigeria,NGA,"School enrollment, primary (% gross)",SE.PRM.ENRR,90.24848938,91.65850067,93.67488861,,,
Rwanda,RWA,"School enrollment, tertiary, male (% gross)",SE.TER.ENRR.MA,7.699969769,7.261600018,8.456130028,8.29335022,8.921710014,9.057740211
Rwanda,RWA,"School enrollment, tertiary, female (% gross)",SE.TER.ENRR.FE,5.789569855,5.852930069,6.640759945,6.871749878,6.921599865,6.911590099
Rwanda,RWA,"School enrollment, tertiary (% gross)",SE.TER.ENRR,6.740039825,6.553780079,7.529250145,7.567520142,7.897079945,7.958720207
Rwanda,RWA,"School enrollment, secondary, male (% gross)",SE.SEC.ENRR.MA,35.74639893,37.0721283,38.71406174,37.33050156,35.17248154,
Rwanda,RWA,"School enrollment, secondary, female (% gross)",SE.SEC.ENRR.FE,36.90639114,39.68302917,41.58641815,40.88542175,38.19155884,
Rwanda,RWA,"School enrollment, secondary (% gross)",SE.SEC.ENRR,36.33494186,38.39107132,40.15979004,39.11576843,36.68696976,
Rwanda,RWA,"School enrollment, primary, male (% gross)",SE.PRM.ENRR.MA,139.6657867,139.8419189,136.2257538,132.0382843,131.6981659,
Rwanda,RWA,"School enrollment, primary, female (% gross)",SE.PRM.ENRR.FE,143.7029419,142.7491455,139.249527,135.1156158,133.3970795,
Rwanda,RWA,"School enrollment, primary (% gross)",SE.PRM.ENRR,141.6907349,141.3010406,137.7434235,133.5823212,132.5500641,
Sudan,SDN,"School enrollment, tertiary, male (% gross)",SE.TER.ENRR.MA,14.28977013,14.05202961,16.01158905,15.82600975,,
Sudan,SDN,"School enrollment, tertiary, female (% gross)",SE.TER.ENRR.FE,15.00844955,15.85072041,17.85750961,16.82608032,,
Sudan,SDN,"School enrollment, tertiary (% gross)",SE.TER.ENRR,14.64535999,14.94186974,16.92466927,16.32061005,,
Sudan,SDN,"School enrollment, secondary, male (% gross)",SE.SEC.ENRR.MA,38.10390854,42.01673889,43.88751984,,,
Sudan,SDN,"School enrollment, secondary, female (% gross)",SE.SEC.ENRR.FE,34.86719131,38.36132813,41.47890854,,,
Sudan,SDN,"School enrollment, secondary (% gross)",SE.SEC.ENRR,36.50569153,40.21192169,42.69845963,,,
Sudan,SDN,"School enrollment, primary, male (% gross)",SE.PRM.ENRR.MA,71.7615509,73.00807953,74.05397797,,,
Sudan,SDN,"School enrollment, primary, female (% gross)",SE.PRM.ENRR.FE,63.61132813,65.11559296,66.64553833,,,
Sudan,SDN,"School enrollment, primary (% gross)",SE.PRM.ENRR,67.74221802,69.11643982,70.40174866,,,
Senegal,SEN,"School enrollment, tertiary, male (% gross)",SE.TER.ENRR.MA,12.2241497,12.29004955,12.59000969,12.95932961,12.94223976,
Senegal,SEN,"School enrollment, tertiary, female (% gross)",SE.TER.ENRR.FE,7.152430058,7.206240177,7.406889915,7.722330093,7.826169968,
Senegal,SEN,"School enrollment, tertiary (% gross)",SE.TER.ENRR,9.682080269,9.744150162,9.996620178,10.34119987,10.38665962,
Senegal,SEN,"School enrollment, secondary, male (% gross)",SE.SEC.ENRR.MA,41.86779022,,,,50.18444061,
Senegal,SEN,"School enrollment, secondary, female (% gross)",SE.SEC.ENRR.FE,38.24517822,,,,49.10115814,
Senegal,SEN,"School enrollment, secondary (% gross)",SE.SEC.ENRR,40.06776047,,,,49.64675903,
Senegal,SEN,"School enrollment, primary, male (% gross)",SE.PRM.ENRR.MA,78.4656601,78.06617737,77.01306915,77.51534271,77.59396362,
Senegal,SEN,"School enrollment, primary, female (% gross)",SE.PRM.ENRR.FE,83.54080963,84.31076813,86.04712677,84.30954742,86.85442352,
Senegal,SEN,"School enrollment, primary (% gross)",SE.PRM.ENRR,80.97888184,81.15817261,81.48448944,80.87622833,82.17194366,
Sierra Leone,SLE,"School enrollment, tertiary, male (% gross)",SE.TER.ENRR.MA,,,,,,
Sierra Leone,SLE,"School enrollment, tertiary, female (% gross)",SE.TER.ENRR.FE,,,,,,
Sierra Leone,SLE,"School enrollment, tertiary (% gross)",SE.TER.ENRR,,,,,,
Sierra Leone,SLE,"School enrollment, secondary, male (% gross)",SE.SEC.ENRR.MA,51.28348923,53.53411102,46.89051819,,46.4731102,
Sierra Leone,SLE,"School enrollment, secondary, female (% gross)",SE.SEC.ENRR.FE,37.54512024,44.90927887,40.04219055,,40.08396149,
Sierra Leone,SLE,"School enrollment, secondary (% gross)",SE.SEC.ENRR,44.32415009,49.16651154,43.4242897,,43.2502594,
Sierra Leone,SLE,"School enrollment, primary, male (% gross)",SE.PRM.ENRR.MA,129.1396332,129.4048157,130.3176117,,126.9708481,
Sierra Leone,SLE,"School enrollment, primary, female (% gross)",SE.PRM.ENRR.FE,121.4980392,127.2466965,129.7763824,,128.2236633,
Sierra Leone,SLE,"School enrollment, primary (% gross)",SE.PRM.ENRR,125.2941437,128.3204041,130.0459595,,127.598938,
Somalia,SOM,"School enrollment, tertiary, male (% gross)",SE.TER.ENRR.MA,,,,,,
Somalia,SOM,"School enrollment, tertiary, female (% gross)",SE.TER.ENRR.FE,,,,,,
Somalia,SOM,"School enrollment, tertiary (% gross)",SE.TER.ENRR,,,,,,
Somalia,SOM,"School enrollment, secondary, male (% gross)",SE.SEC.ENRR.MA,,,,,,
Somalia,SOM,"School enrollment, secondary, female (% gross)",SE.SEC.ENRR.FE,,,,,,
Somalia,SOM,"School enrollment, secondary (% gross)",SE.SEC.ENRR,,,,,,
Somalia,SOM,"School enrollment, primary, male (% gross)",SE.PRM.ENRR.MA,,,,,,
Somalia,SOM,"School enrollment, primary, female (% gross)",SE.PRM.ENRR.FE,,,,,,
Somalia,SOM,"School enrollment, primary (% gross)",SE.PRM.ENRR,,,,,,
South Sudan,SSD,"School enrollment, tertiary, male (% gross)",SE.TER.ENRR.MA,,,,,,
South Sudan,SSD,"School enrollment, tertiary, female (% gross)",SE.TER.ENRR.FE,,,,,,
South Sudan,SSD,"School enrollment, tertiary (% gross)",SE.TER.ENRR,,,,,,
South Sudan,SSD,"School enrollment, secondary, male (% gross)",SE.SEC.ENRR.MA,11.89389038,,,,12.34844971,
South Sudan,SSD,"School enrollment, secondary, female (% gross)",SE.SEC.ENRR.FE,6.087709904,,,,6.630529881,
South Sudan,SSD,"School enrollment, secondary (% gross)",SE.SEC.ENRR,9.015330315,,,,9.517560005,
South Sudan,SSD,"School enrollment, primary, male (% gross)",SE.PRM.ENRR.MA,101.1350632,,,,74.94130707,
South Sudan,SSD,"School enrollment, primary, female (% gross)",SE.PRM.ENRR.FE,66.98497009,,,,53.07630157,
South Sudan,SSD,"School enrollment, primary (% gross)",SE.PRM.ENRR,84.24507141,,,,64.13993835,
Sao Tome and Principe,STP,"School enrollment, tertiary, male (% gross)",SE.TER.ENRR.MA,,8.893759727,,10.44810963,13.18305969,
Sao Tome and Principe,STP,"School enrollment, tertiary, female (% gross)",SE.TER.ENRR.FE,,7.613920212,,9.047280312,13.63267994,
Sao Tome and Principe,STP,"School enrollment, tertiary (% gross)",SE.TER.ENRR,,8.258749962,,9.753270149,13.4060297,
Sao Tome and Principe,STP,"School enrollment, secondary, male (% gross)",SE.SEC.ENRR.MA,48.02954102,55.69208145,62.72217941,73.40576172,80.6645813,80.80435944
Sao Tome and Principe,STP,"School enrollment, secondary, female (% gross)",SE.SEC.ENRR.FE,54.87220001,62.82268906,69.15595245,80.44451904,89.2766037,91.66480255
Sao Tome and Principe,STP,"School enrollment, secondary (% gross)",SE.SEC.ENRR,51.42362976,59.22914886,65.91419983,76.89806366,84.93818665,86.19448853
Sao Tome and Principe,STP,"School enrollment, primary, male (% gross)",SE.PRM.ENRR.MA,124.2854233,116.3227005,116.039032,114.0412903,116.1126633,117.7193832
Sao Tome and Principe,STP,"School enrollment, primary, female (% gross)",SE.PRM.ENRR.FE,120.2810364,112.4311523,113.0940475,109.4119186,111.0510406,112.1532211
Sao Tome and Principe,STP,"School enrollment, primary (% gross)",SE.PRM.ENRR,122.2981567,114.3913116,114.5774231,111.7435532,113.6001968,114.9562531
Swaziland,SWZ,"School enrollment, tertiary, male (% gross)",SE.TER.ENRR.MA,5.84307003,,5.1884799,,,
Swaziland,SWZ,"School enrollment, tertiary, female (% gross)",SE.TER.ENRR.FE,6.086369991,,5.471489906,,,
Swaziland,SWZ,"School enrollment, tertiary (% gross)",SE.TER.ENRR,5.963630199,,5.328879833,,,
Swaziland,SWZ,"School enrollment, secondary, male (% gross)",SE.SEC.ENRR.MA,60.75271988,62.48471832,63.56539917,66.24992371,,
Swaziland,SWZ,"School enrollment, secondary, female (% gross)",SE.SEC.ENRR.FE,59.05902863,60.31549835,62.41498184,65.80409241,,
Swaziland,SWZ,"School enrollment, secondary (% gross)",SE.SEC.ENRR,59.9112587,61.40618134,62.99311829,66.02809143,,
Swaziland,SWZ,"School enrollment, primary, male (% gross)",SE.PRM.ENRR.MA,121.1441116,119.2520523,118.1967163,117.5191498,,
Swaziland,SWZ,"School enrollment, primary, female (% gross)",SE.PRM.ENRR.FE,108.7673111,109.3656311,108.2736435,107.9509811,,
Swaziland,SWZ,"School enrollment, primary (% gross)",SE.PRM.ENRR,114.9945068,114.3398819,113.2667999,112.7658081,,
Seychelles,SYC,"School enrollment, tertiary, male (% gross)",SE.TER.ENRR.MA,1.199509978,0.618659973,2.005589962,3.713320017,9.284950256,
Seychelles,SYC,"School enrollment, tertiary, female (% gross)",SE.TER.ENRR.FE,3.775619984,2.038599968,4.374139786,9.347100258,19.56150055,
Seychelles,SYC,"School enrollment, tertiary (% gross)",SE.TER.ENRR,2.425250053,1.295339942,3.142329931,6.429049969,14.25619984,
Seychelles,SYC,"School enrollment, secondary, male (% gross)",SE.SEC.ENRR.MA,70.50655365,81.27015686,75.10365295,77.29202271,78.83368683,
Seychelles,SYC,"School enrollment, secondary, female (% gross)",SE.SEC.ENRR.FE,73.40447998,80.48519135,81.87802124,81.10218811,84.49559784,
Seychelles,SYC,"School enrollment, secondary (% gross)",SE.SEC.ENRR,71.90659332,80.88999939,78.39479828,79.14945221,81.6024704,
Seychelles,SYC,"School enrollment, primary, male (% gross)",SE.PRM.ENRR.MA,107.7267075,106.9556732,105.0705566,103.615303,101.0505066,
Seychelles,SYC,"School enrollment, primary, female (% gross)",SE.PRM.ENRR.FE,113.1913834,110.8156509,106.9309387,104.703331,103.5822296,
Seychelles,SYC,"School enrollment, primary (% gross)",SE.PRM.ENRR,110.3986816,108.8441315,105.9814529,104.1484528,102.2911224,
Chad,TCD,"School enrollment, tertiary, male (% gross)",SE.TER.ENRR.MA,3.573849916,,,5.739369869,,
Chad,TCD,"School enrollment, tertiary, female (% gross)",SE.TER.ENRR.FE,0.854290009,,,1.133000016,,
Chad,TCD,"School enrollment, tertiary (% gross)",SE.TER.ENRR,2.220989943,,,3.445389986,,
Chad,TCD,"School enrollment, secondary, male (% gross)",SE.SEC.ENRR.MA,32.09865952,30.6767292,,,,
Chad,TCD,"School enrollment, secondary, female (% gross)",SE.SEC.ENRR.FE,14.05142021,14.03038979,,,,
Chad,TCD,"School enrollment, secondary (% gross)",SE.SEC.ENRR,23.12828064,22.40279007,,,,
Chad,TCD,"School enrollment, primary, male (% gross)",SE.PRM.ENRR.MA,102.0689163,106.5840073,114.619278,,,
Chad,TCD,"School enrollment, primary, female (% gross)",SE.PRM.ENRR.FE,76.88916779,81.20693207,87.96629333,,,
Chad,TCD,"School enrollment, primary (% gross)",SE.PRM.ENRR,89.57610321,93.9981308,101.404068,,,
Togo,TGO,"School enrollment, tertiary, male (% gross)",SE.TER.ENRR.MA,,16.21814919,,14.28450012,14.88735962,
Togo,TGO,"School enrollment, tertiary, female (% gross)",SE.TER.ENRR.FE,,4.420670033,,5.944610119,6.355949879,
Togo,TGO,"School enrollment, tertiary (% gross)",SE.TER.ENRR,10.15800953,10.32145977,10.67928982,10.11762047,10.62596035,
Togo,TGO,"School enrollment, secondary, male (% gross)",SE.SEC.ENRR.MA,,,,,,
Togo,TGO,"School enrollment, secondary, female (% gross)",SE.SEC.ENRR.FE,,,,,,
Togo,TGO,"School enrollment, secondary (% gross)",SE.SEC.ENRR,54.70859146,,,,,
Togo,TGO,"School enrollment, primary, male (% gross)",SE.PRM.ENRR.MA,131.7647247,133.5564117,132.9573212,128.8045349,125.0933533,
Togo,TGO,"School enrollment, primary, female (% gross)",SE.PRM.ENRR.FE,119.950058,123.3874893,124.4398499,121.4028015,118.4899063,
Togo,TGO,"School enrollment, primary (% gross)",SE.PRM.ENRR,125.867363,128.4820251,128.7080536,125.1124802,121.7996521,
Tanzania,TZA,"School enrollment, tertiary, male (% gross)",SE.TER.ENRR.MA,,5.225180149,4.868169785,,,
Tanzania,TZA,"School enrollment, tertiary, female (% gross)",SE.TER.ENRR.FE,,2.709180117,2.488840103,,,
Tanzania,TZA,"School enrollment, tertiary (% gross)",SE.TER.ENRR,,3.933470011,3.647320032,,,
Tanzania,TZA,"School enrollment, secondary, male (% gross)",SE.SEC.ENRR.MA,,36.77502823,33.68759155,,,
Tanzania,TZA,"School enrollment, secondary, female (% gross)",SE.SEC.ENRR.FE,,31.73139954,30.82162094,,,
Tanzania,TZA,"School enrollment, secondary (% gross)",SE.SEC.ENRR,,34.24489975,32.25608063,,,
Tanzania,TZA,"School enrollment, primary, male (% gross)",SE.PRM.ENRR.MA,92.77456665,89.66484833,86.15057373,82.74894714,80.47675323,
Tanzania,TZA,"School enrollment, primary, female (% gross)",SE.PRM.ENRR.FE,94.16242981,90.54099274,87.37998962,84.6785965,82.93115997,
Tanzania,TZA,"School enrollment, primary (% gross)",SE.PRM.ENRR,93.46962738,90.10475922,86.76834106,83.71761322,81.70601654,
Uganda,UGA,"School enrollment, tertiary, male (% gross)",SE.TER.ENRR.MA,5.040289879,4.456029892,,5.359250069,,
Uganda,UGA,"School enrollment, tertiary, female (% gross)",SE.TER.ENRR.FE,3.925450087,3.244489908,,4.160850048,,
Uganda,UGA,"School enrollment, tertiary (% gross)",SE.TER.ENRR,4.483389854,3.850980043,,4.760819912,,
Uganda,UGA,"School enrollment, secondary, male (% gross)",SE.SEC.ENRR.MA,,,,,24.33567047,
Uganda,UGA,"School enrollment, secondary, female (% gross)",SE.SEC.ENRR.FE,,,,,22.12825012,
Uganda,UGA,"School enrollment, secondary (% gross)",SE.SEC.ENRR,,,,,23.23653984,
Uganda,UGA,"School enrollment, primary, male (% gross)",SE.PRM.ENRR.MA,111.4359283,110.8652267,108.8729401,,,
Uganda,UGA,"School enrollment, primary, female (% gross)",SE.PRM.ENRR.FE,113.3314972,112.6611176,110.9139633,,,
Uganda,UGA,"School enrollment, primary (% gross)",SE.PRM.ENRR,112.3779068,111.7573395,109.886467,,,
South Africa,ZAF,"School enrollment, tertiary, male (% gross)",SE.TER.ENRR.MA,,15.54030991,16.01107979,15.70069027,,
South Africa,ZAF,"School enrollment, tertiary, female (% gross)",SE.TER.ENRR.FE,,22.63361931,23.52651024,23.30780983,,
South Africa,ZAF,"School enrollment, tertiary (% gross)",SE.TER.ENRR,,18.99403954,19.66282082,19.37507057,,
South Africa,ZAF,"School enrollment, secondary, male (% gross)",SE.SEC.ENRR.MA,84.40019989,84.11131287,,88.00019073,,
South Africa,ZAF,"School enrollment, secondary, female (% gross)",SE.SEC.ENRR.FE,98.51039124,100.9897919,,111.5193634,,
South Africa,ZAF,"School enrollment, secondary (% gross)",SE.SEC.ENRR,91.05531311,91.95773315,,98.81967163,,
South Africa,ZAF,"School enrollment, primary, male (% gross)",SE.PRM.ENRR.MA,95.33466339,98.33725739,100.4687195,102.1564636,,
South Africa,ZAF,"School enrollment, primary, female (% gross)",SE.PRM.ENRR.FE,97.37744904,96.88974762,96.49385071,97.26885223,,
South Africa,ZAF,"School enrollment, primary (% gross)",SE.PRM.ENRR,96.31582642,97.62976074,98.5015564,99.72310638,,
Zambia,ZMB,"School enrollment, tertiary, male (% gross)",SE.TER.ENRR.MA,5.799809933,4.521820068,,,,
Zambia,ZMB,"School enrollment, tertiary, female (% gross)",SE.TER.ENRR.FE,2.213399887,3.441030025,,,,
Zambia,ZMB,"School enrollment, tertiary (% gross)",SE.TER.ENRR,4.006579876,3.981410027,,,,
Zambia,ZMB,"School enrollment, secondary, male (% gross)",SE.SEC.ENRR.MA,,,,,,
Zambia,ZMB,"School enrollment, secondary, female (% gross)",SE.SEC.ENRR.FE,,,,,,
Zambia,ZMB,"School enrollment, secondary (% gross)",SE.SEC.ENRR,,,,,,
Zambia,ZMB,"School enrollment, primary, male (% gross)",SE.PRM.ENRR.MA,109.2922287,108.725769,103.32061,,,
Zambia,ZMB,"School enrollment, primary, female (% gross)",SE.PRM.ENRR.FE,108.7402878,109.7004013,103.9888916,,,
Zambia,ZMB,"School enrollment, primary (% gross)",SE.PRM.ENRR,109.0175476,109.2106476,103.652977,,,
Zimbabwe,ZWE,"School enrollment, tertiary, male (% gross)",SE.TER.ENRR.MA,6.652979851,6.664070129,6.396440029,,8.897720337,
Zimbabwe,ZWE,"School enrollment, tertiary, female (% gross)",SE.TER.ENRR.FE,5.019159794,5.095920086,5.361450195,,7.980110168,
Zimbabwe,ZWE,"School enrollment, tertiary (% gross)",SE.TER.ENRR,5.823760033,5.868669987,5.871749878,,8.433270454,
Zimbabwe,ZWE,"School enrollment, secondary, male (% gross)",SE.SEC.ENRR.MA,,47.4114418,48.06438828,,,
Zimbabwe,ZWE,"School enrollment, secondary, female (% gross)",SE.SEC.ENRR.FE,,45.9378891,47.07783127,,,
Zimbabwe,ZWE,"School enrollment, secondary (% gross)",SE.SEC.ENRR,,46.67317963,47.57019043,,,
Zimbabwe,ZWE,"School enrollment, primary, male (% gross)",SE.PRM.ENRR.MA,,103.2102966,100.8061829,,,
Zimbabwe,ZWE,"School enrollment, primary, female (% gross)",SE.PRM.ENRR.FE,,101.6815109,99.06738281,,,
Zimbabwe,ZWE,"School enrollment, primary (% gross)",SE.PRM.ENRR,,102.4469833,99.93785858,,,
